{
  "project_info": {
    "project_number": "620228359926",
    "firebase_url": "https://dancefest-198709.firebaseio.com",
    "project_id": "dancefest-198709",
    "storage_bucket": "dancefest-198709.appspot.com"
  },
  "client": [
    {
      "client_info": {
        "mobilesdk_app_id": "1:620228359926:android:de2eb791b152d1a2",
        "android_client_info": {
          "package_name": "com.uwblueprint.dancefest"
        }
      },
      "oauth_client": [
        {
          "client_id": "620228359926-861gb7avleu771gdskqap44l0eelct2c.apps.googleusercontent.com",
          "client_type": 1,
          "android_info": {
            "package_name": "com.uwblueprint.dancefest",
            "certificate_hash": "628412dbdbe319b0f69f479d633b1a3e0254e7d8"
          }
        },
        {
          "client_id": "620228359926-tcnucb19anvjpmjeiciq0164mo3doc9l.apps.googleusercontent.com",
          "client_type": 3
        }
      ],
      "api_key": [
        {
          "current_key": "AIzaSyCUlVheTiqpIIbQKXnenCpyEpIMwAHmZWQ"
        }
      ],
      "services": {
        "analytics_service": {
          "status": 1
        },
        "appinvite_service": {
          "status": 2,
          "other_platform_oauth_client": [
            {
              "client_id": "620228359926-tcnucb19anvjpmjeiciq0164mo3doc9l.apps.googleusercontent.com",
              "client_type": 3
            },
            {
              "client_id": "620228359926-gr8206oqn5ci5hdauao697qmpb8inj08.apps.googleusercontent.com",
              "client_type": 2,
              "ios_info": {
                "bundle_id": "host.exp.exponent"
              }
            }
          ]
        },
        "ads_service": {
          "status": 2
        }
      }
    }
  ],
  "configuration_version": "1"
}